word,colour,stimulus_condition,correct_response,thisN,thisTrialN,thisRepN,key_resp.keys,key_resp.corr,key_resp.rt,key_resp.duration,trials.thisRepN,trials.thisTrialN,trials.thisN,trials.thisIndex,thisRow.t,notes,instruction.started,text_2.started,instruction.stopped,trial.started,fixation.started,fixation.stopped,text.started,key_resp.started,trial.stopped,trials.key_resp.keys,trials.key_resp.corr,trials.key_resp.rt,trials.key_resp.duration,thank_you.started,text_3.started,text_3.stopped,thank_you.stopped,participant,session,date,expName,expVersion,psychopyVersion,frameRate,expStart
RED,red,C,r,0,0,0,r,1,1.7084542,None,0,0,0,0,1.0418447,,,,,1.0375822,1.0418447,1.504761,1.504761,1.504761,3.381697,r,1,1.7084542,None,,,,,2,1,2025-08-26_16h16.09.916,exp 0.1 trial stroop task,,2025.1.1,60.02300077,2025-08-26 16h16.20.922617 +0530
BLUE,blue,C,b,3,3,0,b,1,0.548427,None,0,3,3,3,5.8713857,,,,,5.8596354,5.8713857,6.3544524,6.3544524,6.3544524,6.9051509,b,1,0.548427,None,,,,,2,1,2025-08-26_16h16.09.916,exp 0.1 trial stroop task,,2025.1.1,60.02300077,2025-08-26 16h16.20.922617 +0530
RED,red,C,r,4,0,1,r,1,0.4801407,None,1,0,4,0,6.9209558,,,,,6.9105078,6.9209558,7.4043638,7.4043638,7.4043638,7.8905236,r,1,0.4801407,None,,,,,2,1,2025-08-26_16h16.09.916,exp 0.1 trial stroop task,,2025.1.1,60.02300077,2025-08-26 16h16.20.922617 +0530
BLUE,blue,C,b,6,2,1,b,1,1.1329773,None,1,2,6,3,8.8543984,,,,,8.843006,8.8543984,9.3379147,9.3379147,9.3379147,10.4719935,b,1,1.1329773,None,,,,,2,1,2025-08-26_16h16.09.916,exp 0.1 trial stroop task,,2025.1.1,60.02300077,2025-08-26 16h16.20.922617 +0530
BLUE,blue,C,b,9,1,2,b,1,0.5497455,None,2,1,9,3,12.7710936,,,,,12.7563187,12.7710936,13.2547208,13.2547208,13.2547208,13.8055266,b,1,0.5497455,None,,,,,2,1,2025-08-26_16h16.09.916,exp 0.1 trial stroop task,,2025.1.1,60.02300077,2025-08-26 16h16.20.922617 +0530
RED,red,C,r,10,2,2,r,1,1.0835878,None,2,2,10,0,13.8208976,,,,,13.8114362,13.8208976,14.3051089,14.3051089,14.3051089,15.4048691,r,1,1.0835878,None,,,,,2,1,2025-08-26_16h16.09.916,exp 0.1 trial stroop task,,2025.1.1,60.02300077,2025-08-26 16h16.20.922617 +0530
RED,red,C,r,12,0,3,r,1,0.6925302,None,3,0,12,0,16.8709529,,,,,16.8565207,16.8709529,17.3545965,17.3545965,17.3545965,18.0552322,r,1,0.6925302,None,,,,,2,1,2025-08-26_16h16.09.916,exp 0.1 trial stroop task,,2025.1.1,60.02300077,2025-08-26 16h16.20.922617 +0530
BLUE,blue,C,b,15,3,3,b,1,0.8708633,None,3,3,15,3,20.7209084,,,,,20.7098871,20.7209084,21.2049602,21.2049602,21.2049602,22.0884943,b,1,0.8708633,None,,,,,2,1,2025-08-26_16h16.09.916,exp 0.1 trial stroop task,,2025.1.1,60.02300077,2025-08-26 16h16.20.922617 +0530
BLUE,blue,C,b,16,0,4,b,1,0.463093,None,4,0,16,3,22.104457,,,,,22.0894735,22.104457,22.6041879,22.6041879,22.6041879,23.0719354,b,1,0.463093,None,,,,,2,1,2025-08-26_16h16.09.916,exp 0.1 trial stroop task,,2025.1.1,60.02300077,2025-08-26 16h16.20.922617 +0530
RED,red,C,r,19,3,4,r,1,0.3418919,None,4,3,19,0,24.9545415,,,,,24.9432025,24.9545415,25.4378923,25.4378923,25.4378923,25.7887608,r,1,0.3418919,None,,,,,2,1,2025-08-26_16h16.09.916,exp 0.1 trial stroop task,,2025.1.1,60.02300077,2025-08-26 16h16.20.922617 +0530
RED,red,C,r,21,1,5,r,1,0.2830995,None,5,1,21,0,26.6377501,,,,,26.626806,26.6377501,27.1208701,27.1208701,27.1208701,27.4054323,r,1,0.2830995,None,,,,,2,1,2025-08-26_16h16.09.916,exp 0.1 trial stroop task,,2025.1.1,60.02300077,2025-08-26 16h16.20.922617 +0530
BLUE,blue,C,b,23,3,5,b,1,0.3316951,None,5,3,23,3,28.5046785,,,,,28.4934534,28.5046785,28.9878227,28.9878227,28.9878227,29.3215906,b,1,0.3316951,None,,,,,2,1,2025-08-26_16h16.09.916,exp 0.1 trial stroop task,,2025.1.1,60.02300077,2025-08-26 16h16.20.922617 +0530
BLUE,blue,C,b,26,2,6,b,1,0.6113092,None,6,2,26,3,31.4378706,,,,,31.4267289,31.4378706,31.9209423,31.9209423,31.9209423,32.5387466,b,1,0.6113092,None,,,,,2,1,2025-08-26_16h16.09.916,exp 0.1 trial stroop task,,2025.1.1,60.02300077,2025-08-26 16h16.20.922617 +0530
RED,red,C,r,27,3,6,r,1,0.5102398,None,6,3,27,0,32.5544609,,,,,32.543983,32.5544609,33.0544311,33.0544311,33.0544311,33.5716521,r,1,0.5102398,None,,,,,2,1,2025-08-26_16h16.09.916,exp 0.1 trial stroop task,,2025.1.1,60.02300077,2025-08-26 16h16.20.922617 +0530
BLUE,blue,C,b,29,1,7,b,1,0.3926532,None,7,1,29,3,34.7545443,,,,,34.7435131,34.7545443,35.2378874,35.2378874,35.2378874,35.6386826,b,1,0.3926532,None,,,,,2,1,2025-08-26_16h16.09.916,exp 0.1 trial stroop task,,2025.1.1,60.02300077,2025-08-26 16h16.20.922617 +0530
RED,red,C,r,30,2,7,r,1,0.4975219,None,7,2,30,0,35.6546184,,,,,35.6437307,35.6546184,36.154484,36.154484,36.154484,36.6555433,r,1,0.4975219,None,,,,,2,1,2025-08-26_16h16.09.916,exp 0.1 trial stroop task,,2025.1.1,60.02300077,2025-08-26 16h16.20.922617 +0530
RED,red,C,r,33,1,8,r,1,0.5275248,None,8,1,33,0,39.0208462,,,,,39.0062482,39.0208462,39.5045379,39.5045379,39.5045379,40.0386708,r,1,0.5275248,None,,,,,2,1,2025-08-26_16h16.09.916,exp 0.1 trial stroop task,,2025.1.1,60.02300077,2025-08-26 16h16.20.922617 +0530
BLUE,blue,C,b,35,3,8,b,1,0.650447,None,8,3,35,3,41.5711253,,,,,41.5562637,41.5711253,42.0546393,42.0546393,42.0546393,42.7217182,b,1,0.650447,None,,,,,2,1,2025-08-26_16h16.09.916,exp 0.1 trial stroop task,,2025.1.1,60.02300077,2025-08-26 16h16.20.922617 +0530
RED,red,C,r,37,1,9,r,1,0.4923881,None,9,1,37,0,43.9047839,,,,,43.8898745,43.9047839,44.404513,44.404513,44.404513,44.9053182,r,1,0.4923881,None,,,,,2,1,2025-08-26_16h16.09.916,exp 0.1 trial stroop task,,2025.1.1,60.02300077,2025-08-26 16h16.20.922617 +0530
BLUE,blue,C,b,39,3,9,b,1,0.4302158,None,9,3,39,3,45.9545162,,,,,45.9397238,45.9545162,46.4378355,46.4378355,46.4378355,46.8719503,b,1,0.4302158,None,,,,,2,1,2025-08-26_16h16.09.916,exp 0.1 trial stroop task,,2025.1.1,60.02300077,2025-08-26 16h16.20.922617 +0530
BLUE,red,I,r,1,1,0,r,1,0.9684391,None,0,1,1,2,3.3964445,,,,,3.3913822,3.3964445,3.8879184,3.8879184,3.8879184,4.8716328,r,1,0.9684391,None,,,,,2,1,2025-08-26_16h16.09.916,exp 0.1 trial stroop task,,2025.1.1,60.02300077,2025-08-26 16h16.20.922617 +0530
RED,blue,I,b,2,2,0,b,1,0.4787652,None,0,2,2,1,4.8877381,,,,,4.8763612,4.8877381,5.3709828,5.3709828,5.3709828,5.8551307,b,1,0.4787652,None,,,,,2,1,2025-08-26_16h16.09.916,exp 0.1 trial stroop task,,2025.1.1,60.02300077,2025-08-26 16h16.20.922617 +0530
RED,blue,I,b,5,1,1,b,1,0.4193319,None,1,1,5,1,7.9043533,,,,,7.8915545,7.9043533,8.4046926,8.4046926,8.4046926,8.8384944,b,1,0.4193319,None,,,,,2,1,2025-08-26_16h16.09.916,exp 0.1 trial stroop task,,2025.1.1,60.02300077,2025-08-26 16h16.20.922617 +0530
BLUE,red,I,r,7,3,1,r,1,0.8625835,None,1,3,7,2,10.4877092,,,,,10.4730546,10.4877092,10.9879608,10.9879608,10.9879608,11.8552855,r,1,0.8625835,None,,,,,2,1,2025-08-26_16h16.09.916,exp 0.1 trial stroop task,,2025.1.1,60.02300077,2025-08-26 16h16.20.922617 +0530
BLUE,red,I,r,8,0,2,r,1,0.3843461,None,2,0,8,2,11.8711842,,,,,11.8563994,11.8711842,12.354487,12.354487,12.354487,12.7552669,r,1,0.3843461,None,,,,,2,1,2025-08-26_16h16.09.916,exp 0.1 trial stroop task,,2025.1.1,60.02300077,2025-08-26 16h16.20.922617 +0530
RED,blue,I,b,11,3,2,b,1,0.9383053,None,2,3,11,1,15.4210285,,,,,15.4060509,15.4210285,15.9045114,15.9045114,15.9045114,16.855401,b,1,0.9383053,None,,,,,2,1,2025-08-26_16h16.09.916,exp 0.1 trial stroop task,,2025.1.1,60.02300077,2025-08-26 16h16.20.922617 +0530
BLUE,red,I,r,13,1,3,r,1,0.8791104,None,3,1,13,2,18.0710396,,,,,18.0607045,18.0710396,18.5544812,18.5544812,18.5544812,19.4384115,r,1,0.8791104,None,,,,,2,1,2025-08-26_16h16.09.916,exp 0.1 trial stroop task,,2025.1.1,60.02300077,2025-08-26 16h16.20.922617 +0530
RED,blue,I,b,14,2,3,b,1,0.7511416,None,3,2,14,1,19.4544451,,,,,19.4433555,19.4544451,19.9375367,19.9375367,19.9375367,20.7050939,b,1,0.7511416,None,,,,,2,1,2025-08-26_16h16.09.916,exp 0.1 trial stroop task,,2025.1.1,60.02300077,2025-08-26 16h16.20.922617 +0530
RED,blue,I,b,17,1,4,b,1,0.3888915,None,4,1,17,1,23.0877677,,,,,23.0773992,23.0877677,23.5712357,23.5712357,23.5712357,23.971908,b,1,0.3888915,None,,,,,2,1,2025-08-26_16h16.09.916,exp 0.1 trial stroop task,,2025.1.1,60.02300077,2025-08-26 16h16.20.922617 +0530
BLUE,red,I,r,18,2,4,r,1,0.4550455,None,4,2,18,2,23.9878873,,,,,23.9769885,23.9878873,24.4710679,24.4710679,24.4710679,24.9385585,r,1,0.4550455,None,,,,,2,1,2025-08-26_16h16.09.916,exp 0.1 trial stroop task,,2025.1.1,60.02300077,2025-08-26 16h16.20.922617 +0530
BLUE,red,I,r,20,0,5,r,1,0.309765,None,5,0,20,2,25.8047981,,,,,25.7939127,25.8047981,26.3041841,26.3041841,26.3041841,26.6217477,r,1,0.309765,None,,,,,2,1,2025-08-26_16h16.09.916,exp 0.1 trial stroop task,,2025.1.1,60.02300077,2025-08-26 16h16.20.922617 +0530
RED,blue,I,b,22,2,5,b,1,0.5647148,None,5,2,22,1,27.4210398,,,,,27.4064752,27.4210398,27.9212183,27.9212183,27.9212183,28.4882591,b,1,0.5647148,None,,,,,2,1,2025-08-26_16h16.09.916,exp 0.1 trial stroop task,,2025.1.1,60.02300077,2025-08-26 16h16.20.922617 +0530
BLUE,red,I,r,24,0,6,r,1,0.5496475,None,6,0,24,2,29.3377657,,,,,29.3227356,29.3377657,29.8209831,29.8209831,29.8209831,30.3720454,r,1,0.5496475,None,,,,,2,1,2025-08-26_16h16.09.916,exp 0.1 trial stroop task,,2025.1.1,60.02300077,2025-08-26 16h16.20.922617 +0530
RED,blue,I,b,25,1,6,b,1,0.531597,None,6,1,25,1,30.3877003,,,,,30.3769253,30.3877003,30.8878082,30.8878082,30.8878082,31.4215291,b,1,0.531597,None,,,,,2,1,2025-08-26_16h16.09.916,exp 0.1 trial stroop task,,2025.1.1,60.02300077,2025-08-26 16h16.20.922617 +0530
RED,blue,I,b,28,0,7,b,1,0.6616654,None,7,0,28,1,33.5879003,,,,,33.5727076,33.5879003,34.0712409,34.0712409,34.0712409,34.7386136,b,1,0.6616654,None,,,,,2,1,2025-08-26_16h16.09.916,exp 0.1 trial stroop task,,2025.1.1,60.02300077,2025-08-26 16h16.20.922617 +0530
BLUE,red,I,r,31,3,7,r,1,0.7851758,None,7,3,31,2,36.6711686,,,,,36.6616237,36.6711686,37.1712655,37.1712655,37.1712655,37.9715631,r,1,0.7851758,None,,,,,2,1,2025-08-26_16h16.09.916,exp 0.1 trial stroop task,,2025.1.1,60.02300077,2025-08-26 16h16.20.922617 +0530
RED,blue,I,b,32,0,8,b,1,0.5246554,None,8,0,32,1,37.9878029,,,,,37.9764969,37.9878029,38.4709839,38.4709839,38.4709839,39.0051975,b,1,0.5246554,None,,,,,2,1,2025-08-26_16h16.09.916,exp 0.1 trial stroop task,,2025.1.1,60.02300077,2025-08-26 16h16.20.922617 +0530
BLUE,red,I,r,34,2,8,r,1,0.910545,None,8,2,34,2,40.0545401,,,,,40.043263,40.0545401,40.6298652,40.6298652,40.6298652,41.5552166,r,1,0.910545,None,,,,,2,1,2025-08-26_16h16.09.916,exp 0.1 trial stroop task,,2025.1.1,60.02300077,2025-08-26 16h16.20.922617 +0530
RED,blue,I,b,36,0,9,b,1,0.665556,None,9,0,36,1,42.7376824,,,,,42.7268133,42.7376824,43.2213853,43.2213853,43.2213853,43.8887294,b,1,0.665556,None,,,,,2,1,2025-08-26_16h16.09.916,exp 0.1 trial stroop task,,2025.1.1,60.02300077,2025-08-26 16h16.20.922617 +0530
BLUE,red,I,r,38,2,9,r,1,0.5330459,None,9,2,38,2,44.9213989,,,,,44.9106831,44.9213989,45.404735,45.404735,45.404735,45.9387057,r,1,0.5330459,None,,,,,2,1,2025-08-26_16h16.09.916,exp 0.1 trial stroop task,,2025.1.1,60.02300077,2025-08-26 16h16.20.922617 +0530
,,,,,,,,,,,,,,,,,0.0028756,0.0080544,1.0046714,,,,,,,,,,,,,,,2,1,2025-08-26_16h16.09.916,exp 0.1 trial stroop task,,2025.1.1,60.02300077,2025-08-26 16h16.20.922617 +0530
,,,,,,,,,,,,,,,,,,,,,,,,,,,,,,46.8723056,46.8875623,47.8877823,47.8715931,2,1,2025-08-26_16h16.09.916,exp 0.1 trial stroop task,,2025.1.1,60.02300077,2025-08-26 16h16.20.922617 +0530
,,,,,,,,,,,,,,,,,,,,,,,,,,,,,,,,,,,,,,,,,
,,,,,,,,,,,,,,,,,,,,,,,,,,,,,,,,,,,,,,,,,
,,,,,,magnitude,,,,,,,,,,,,,,,,,,,,,,,,,,,,,,,,,,,
,,,,Cong rt,0.629940265,629.940265,,,,,,,,,,,,,,,,,,,,,,,,,,,,,,,,,,,
,,,,Incong rt,0.628116395,628.116395,,,,,,,,,,,,,,,,,,,,,,,,,,,,,,,,,,,
,,,,,,,,,,,,,,,,,,,,,,,,,,,,,,,,,,,,,,,,,
,,,,Stroop eff,,0.00182387,,,,,,,,,,,,,,,,,,,,,,,,,,,,,,,,,,,
,,,,,,,,,,,,,,,,,,,,,,,,,,,,,,,,,,,,,,,,,
,,,, t test,0.972911101,,,,,,,,,,,,,,,,,,,,,,,,,,,,,,,,,,,,
